ID,habitat,compartment,tax_category,tax_unit,common_name,sci_name,Regularly_used_surrogates_EU_USA,Reference,genome,notes_genome,genome_species,genome_species_Tob,genome_genus,good_quality,comment
1,terrestrial,above ground,plant,Vascular plant,Velvetleaf,Abutilon theophrasti,10 plants (6 dycots 4 monocots),"OECD 208, OECD 227, OCSPP 850.4100, OCSPP 850.4150, OCSPP 850.4130",NA,NA,no,no,no,no,
2,saltwater,water,invertebrate,Copepods,NA,Acartia clausi,no,ASTM standard E729,https://www.ncbi.nlm.nih.gov/genome/66903?genome_assembly_id=361816,Acartia tonsa,yes,no,yes,no,
3,saltwater,water,invertebrate,Copepods,NA,Acartia tonsa,no,ASTM standard E729,https://www.ncbi.nlm.nih.gov/genome/?term=66903,NA,yes,yes,yes,no,
4,terrestrial,above ground,vertebrates,Bird,red-wing blackbird,Agelaius phoeniceus,no,OCSPP 850.2100,https://www.ncbi.nlm.nih.gov/genome/15206?genome_assembly_id=1734446,NA,yes,yes,yes,yes,
5,terrestrial,above ground,plant,Vascular plant,Common Bentgrass,Agrostis tenuis,10 plants (6 dycots 4 monocots),"OECD 208, OECD 227, OCSPP 850.4100, OCSPP 850.4150, OCSPP 850.4130",NA,NA,no,no,no,no,
6,freshwater,water,vertebrates,Fish,Bleak,Alburnus alburnus,no,OCSPP 850.1730,https://www.ncbi.nlm.nih.gov/genome/9259?genome_assembly_id=756658,Culter alburnus synonym?,yes,no,yes,no,
7,terrestrial,above ground,vertebrates,Bird,Redlegged partridge,Alectoris rufa,no,OECD 205,https://www.ncbi.nlm.nih.gov/genome/104712?genome_assembly_id=1663922,NA,yes,yes,yes,no,
8,terrestrial,above ground,invertebrate,Beetle,Rove beelte,Aleochara bilineata,no,"SANCO/10329/2002, Gandolfi et al. 2000",https://www.ncbi.nlm.nih.gov/genome/?term=69379,NA,yes,yes,yes,no,
9,terrestrial,above ground,plant,Vascular plant,Onion,Allium cepa,10 plants (6 dycots 4 monocots),"OECD 208, OECD 227, OCSPP 850.4100, OCSPP 850.4150, OCSPP 850.4130, OCSPP 850.4800",https://www.ncbi.nlm.nih.gov/genome/10900?genome_assembly_id=1583948,NA,yes,yes,yes,no,
10,terrestrial,above ground,plant,Vascular plant,Foxtail,Alopecurus myosuroides,10 plants (6 dycots 4 monocots),"OECD 208, OECD 227, OCSPP 850.4100, OCSPP 850.4150, OCSPP 850.4130",NA,NA,no,no,no,no,
11,saltwater,water,invertebrate,Shrimp,Opossum shrimp,Americamysis almyra,no,ASTM standard E729,NA,NA,no,no,no,no,"Mysidopsis almyra in guidance document, synsonym of Americamysis almyra (CoL)"
12,saltwater,water,invertebrate,Shrimp,Mysid shrimp,Americamysis bahia,yes,"OCSPP 850.1035, EPA 1994 ",NA,NA,no,no,no,no,
13,saltwater,water,invertebrate,Shrimp,Opossum shrimp,Americamysis bahia,no,ASTM standard E729,NA,NA,no,no,no,no,"Mysidopsis bahia in guidance document, synonym of Americamysis bahia (CoL)"
14,saltwater,water,invertebrate,Shrimp,NA,Americamysis bigelowi,no,ASTM standard E729,NA,NA,no,no,no,no,"Mysidopsis bigelowi, synonym of Americamysis bigelowi"
15,freshwater,water,invertebrate,Snail,Mud amnicola,Amnicola limosa,no,ASTM standard E729,NA,NA,no,no,no,no,
16,saltwater,sediment,invertebrate,Amphipods,NA,Ampelisca abdita,no,OCSPP 850.1740,NA,NA,no,no,no,no,
17,freshwater,water,algae,Green algae,NA,Anabaena flos-aquae,no,"OECD 201, OCSPP 850.4550, OCSPP 850.4500",https://www.ncbi.nlm.nih.gov/genome/11255,Anabaena cylindrica +8,no,no,yes,no,
18,terrestrial,above ground,plant,Vascular plant,Scarlett Pimpernel,Anagallis arvensis,10 plants (6 dycots 4 monocots),"OECD 208, OECD 227, OCSPP 850.4100, OCSPP 850.4150, OCSPP 850.4130",NA,NA,no,no,no,no,
19,terrestrial,above ground,vertebrates,Bird,Mallard duck,Anas platyrhynchos,no,"OECD 205, OECD 206, OECD 223, OCSPP 850.2100, OCSPP 850.2200",https://www.ncbi.nlm.nih.gov/genome/2793?genome_assembly_id=1498951,NA,yes,yes,yes,yes,
20,terrestrial,above ground,invertebrate,Wasp,NA,Aphidius rhopalosiphi,yes,"SANCO/10329/2002, Gandolfi et al. 2000",https://www.ncbi.nlm.nih.gov/genome/95885?genome_assembly_id=1473181,Aphidius gifuensis +1,no,no,yes,no,
21,terrestrial,above ground,invertebrate,Bee,Honeybee,Apis mellifera,yes,"OECD 213,OECD 214, OECD 237, OECD 245, SANCO/10329/2002, OCSPP 850.3020, OCSPP 850.3030, OCSPP 850.3040",https://www.ncbi.nlm.nih.gov/genome/?term=48,5 addition Apis,yes,yes,yes,yes,
22,freshwater,water,invertebrate,Snail,Moss bladder snail,Aplexa hypnorum,no,ASTM standard E729,NA,NA,no,no,no,no,
23,saltwater,water,invertebrate,Urchin,Sea urchin,Arbacia punctulata,no,EPA 1994 ,NA,NA,no,no,no,no,
24,terrestrial,above ground,plant,Vascular plant,Wild Oats,Avena fatua,10 plants (6 dycots 4 monocots),"OECD 208, OECD 227, OCSPP 850.4100, OCSPP 850.4150, OCSPP 850.4130",NA,NA,no,no,no,no,
25,terrestrial,above ground,plant,Vascular plant,Oats,Avena sativa,10 plants (6 dycots 4 monocots),"OECD 208, OECD 227, OCSPP 850.4100, OCSPP 850.4150, OCSPP 850.4130, OCSPP 850.4800",NA,NA,yes,no,no,yes,
26,freshwater,water,invertebrate,Mayflies,Blue-winged olive,Baetis,no,ASTM standard E729,https://www.ncbi.nlm.nih.gov/genome/?term=45287,Baetis rhodani,yes,no,yes,no,
27,terrestrial,above ground,plant,Vascular plant,English daisy,Bellis perennis,10 plants (6 dycots 4 monocots),"OECD 208, OECD 227, OCSPP 850.4100, OCSPP 850.4150, OCSPP 850.4130",NA,NA,no,no,no,no,
28,terrestrial,above ground,plant,Vascular plant,Sugar beet,Beta vulgaris,10 plants (6 dycots 4 monocots),"OECD 208, OECD 227, OCSPP 850.4100, OCSPP 850.4150, OCSPP 850.4130, OCSPP 850.4800",https://www.ncbi.nlm.nih.gov/genome/221?genome_assembly_id=362465,NA,yes,yes,yes,yes,
29,terrestrial,above ground,invertebrate,Bee,Bumble bee,Bombus terrestris,yes,"OECD 246, OECD 247",https://www.ncbi.nlm.nih.gov/genome/?term=2739,NA,yes,yes,yes,yes,
30,terrestrial,above ground,plant,Vascular plant,Chinese cabbage,Brassica campestris var. chinensis,10 plants (6 dycots 4 monocots),"OECD 208, OECD 227, OCSPP 850.4100, OCSPP 850.4150, OCSPP 850.4130","https://www.ncbi.nlm.nih.gov/genome/203?genome_assembly_id=1714720, https://www.ncbi.nlm.nih.gov/genome/10901?genome_assembly_id=59537, https://www.ncbi.nlm.nih.gov/genome/229?genome_assembly_id=849058","B. napus, B. oleracea, B.rapa",no,no,yes,no,
31,terrestrial,above ground,plant,Vascular plant,Oilseed rape,Brassica napus,10 plants (6 dycots 4 monocots),"OECD 208, OECD 227, OCSPP 850.4100, OCSPP 850.4150, OCSPP 850.4130, OCSPP 850.4800",https://www.ncbi.nlm.nih.gov/genome/203?genome_assembly_id=1714720,NA,yes,yes,yes,yes,
32,terrestrial,above ground,plant,Vascular plant,Cabbage,Brassica oleracea,10 plants (6 dycots 4 monocots),"OECD 208, OECD 227, OCSPP 850.4100, OCSPP 850.4150, OCSPP 850.4130, OCSPP 850.4800",https://www.ncbi.nlm.nih.gov/genome/10901?genome_assembly_id=59537,NA,yes,yes,yes,no,
33,terrestrial,above ground,plant,Vascular plant,Turnip,Brassica rapa,10 plants (6 dycots 4 monocots),"OECD 208, OECD 227, OCSPP 850.4100, OCSPP 850.4150, OCSPP 850.4130, OCSPP 850.4800",https://www.ncbi.nlm.nih.gov/genome/229?genome_assembly_id=849058,NA,yes,yes,yes,yes,
34,terrestrial,above ground,plant,Vascular plant,Downy Brome,Bromus tectorum,10 plants (6 dycots 4 monocots),"OECD 208, OECD 227, OCSPP 850.4100, OCSPP 850.4150, OCSPP 850.4130",NA,NA,no,no,no,no,
35,freshwater,water,vertebrates,Amphibia,Toad,Bufo,no,ASTM standard E729,https://www.ncbi.nlm.nih.gov/genome/98192?genome_assembly_id=1557715,Bufo bufo +2,yes,no,yes,yes,
36,saltwater,water,invertebrate,Crab,Blue crab,Callinectes sapidus,no,ASTM standard E729,https://www.ncbi.nlm.nih.gov/genome/406?genome_assembly_id=1709665,NA,yes,yes,yes,no,
37,freshwater,water,invertebrate,Crayfish,NA,Cambarus,no,ASTM standard E729,NA,NA,no,no,no,no,
38,terrestrial,above ground,vertebrates,Mammal,Dog,Canis lupus familiaris,yes,e g. OECD 409,https://www.ncbi.nlm.nih.gov/genome/85?genome_assembly_id=984575,NA,yes,yes,yes,yes,
39,saltwater,water,invertebrate,Polychaete,Gallery worm,Capitella capitata,no,ASTM standard E729,https://www.ncbi.nlm.nih.gov/genome/15118?genome_assembly_id=45147,Capitella teleta,no,no,yes,no,
40,freshwater,water,vertebrates,Fish,Goldfish,Carassius auratus,no,"ASTM standard E729, OECD 212",https://www.ncbi.nlm.nih.gov/genome/10773?genome_assembly_id=393763,NA,yes,yes,yes,yes,
41,saltwater,water,invertebrate,Crab,Green crab,Carcinus maenas,no,ASTM standard E729,NA,NA,no,no,no,no,
42,terrestrial,above ground,plant,Vascular plant,Cuckoo Flower,Cardamine pratensis,10 plants (6 dycots 4 monocots),"OECD 208, OECD 227, OCSPP 850.4100, OCSPP 850.4150, OCSPP 850.4130",https://www.ncbi.nlm.nih.gov/genome/37022?genome_assembly_id=990144,Cardamine resedifolia,no,no,yes,no,
43,freshwater,water,vertebrates,Fish,White sucker,Catostomus commersoni,no,OCSPP 850.1400,NA,NA,no,no,no,no,
44,terrestrial,above ground,plant,Vascular plant,Black Knapweed,Centaurea nigra,10 plants (6 dycots 4 monocots),"OECD 208, OECD 227, OCSPP 850.4100, OCSPP 850.4150, OCSPP 850.4130",NA,NA,no,no,no,no,
45,freshwater,water,invertebrate,Daphnids,Water flea,Ceriodaphnia dubia,no,"ASTM standard E729, OECD 211, ASTM standard E729, EPA 1994 ",missing,NA,no,no,no,no,
46,saltwater,water,algae,Green algae,NA,Champia parvula,no,EPA 1994 ,NA,NA,no,no,no,no,
47,terrestrial,above ground,plant,Vascular plant,Lamb's Quarters,Chenopodium album ,10 plants (6 dycots 4 monocots),"OECD 208, OECD 227, OCSPP 850.4100, OCSPP 850.4150, OCSPP 850.4130",NA,NA,yes,no,no,yes,
48,freshwater,sediment,invertebrate,Midges,Lake fly,Chironomus dilutus,no,"EPA 1994, OECD 218, OECD 219 OECD 233, OECD 235, OCSPP 850.1735",https://www.ncbi.nlm.nih.gov/genome/?term=35154,NA,yes,yes,yes,no,syn. C. tentans
49,freshwater,sediment,invertebrate,Midges,Harlequin fly,Chironomus riparius,yes,"EPA 1994 , OECD 218, OECD 219, OECD 233, OECD 235, ",https://www.ncbi.nlm.nih.gov/genome/?term=2739,NA,yes,yes,yes,yes,
50,freshwater,sediment,invertebrate,Midges,Lake fly,Chironomus yoshimatsui,no,"OECD 218, OECD 219, OECD 233, OECD 235","https://www.ncbi.nlm.nih.gov/genome/?term=2739, https://www.ncbi.nlm.nih.gov/genome/?term=35154",Ch. riparius and Ch. dilutus,no,no,yes,no,
51,terrestrial,above ground,invertebrate,Lacewings,Common green lacewing,Chrysoperla carnea,no,"SANCO/10329/2002, Gandolfi et al. 2000",missing,NA,yes,no,no,yes,
52,saltwater,water,vertebrates,Fish,Sanddab,Citharichthys stigmaeus,no,ASTM standard E729,NA,NA,no,no,no,no,
53,saltwater,water,vertebrates,Fish,Herring,Clupea harengus,no,"ASTM standard E729, OECD 212",https://www.ncbi.nlm.nih.gov/genome/15477?genome_assembly_id=1665007,NA,yes,yes,yes,yes,
54,terrestrial,above ground,invertebrate,Ladybirds,Scarce seven-spot ladybird,Coccinella magnifica,no,"SANCO/10329/2002, Gandolfi et al. 2000",https://www.ncbi.nlm.nih.gov/genome/?term=72445,Coccinella septempunctata,no,no,yes,no,
55,terrestrial,above ground,invertebrate,Ladybirds,Seven-spot ladybird,Coccinella septempunctata,yes,"SANCO/10329/2002, Gandolfi et al. 2000",https://www.ncbi.nlm.nih.gov/genome/?term=72445,NA,yes,yes,yes,yes,
56,terrestrial,above ground,vertebrates,Bird,Bobwhite quail,Colinus virginianus,no,"OECD 205, OECD 206, OECD 223, OCSPP 850.2100,OCSPP 850.2200",https://www.ncbi.nlm.nih.gov/genome/12817?genome_assembly_id=1610511,NA,yes,yes,yes,no,
57,terrestrial,above ground,vertebrates,Bird,Pigeon,Columba livia,no,"OECD 205, OECD 223",https://www.ncbi.nlm.nih.gov/genome/10719?genome_assembly_id=39619,NA,yes,yes,yes,no,
58,terrestrial,above ground,vertebrates,Bird,Japanese quail,Coturnix japonica,yes,"OECD 205, OECD 206, OECD 223",https://www.ncbi.nlm.nih.gov/genome/113?genome_assembly_id=770087,NA,yes,yes,yes,yes,
59,saltwater,water,invertebrate,Shrimp,Bay Shrimp,Crangon nigricauda,no,ASTM standard E729,NA,NA,no,no,no,no,
60,saltwater,water,invertebrate,Shrimp,Sand shrimp,Crangon septemspinosa,no,ASTM standard E729,NA,NA,no,no,no,no,
61,saltwater,water,invertebrate,Mussle,Pacific oysters,Crassostrea gigas,no,"ASTM standard E729, OCSPP 850.1055",https://www.ncbi.nlm.nih.gov/genome/10758?genome_assembly_id=817631,NA,yes,yes,yes,yes,
62,saltwater,water,invertebrate,Mussle,Oyster,Crassostrea virginica,no,"ASTM standard E729, OCSPP 850.1025, OCSPP 850.1055, OCSPP 850.1710",https://www.ncbi.nlm.nih.gov/genome/398?genome_assembly_id=327504,NA,yes,yes,yes,yes,
63,terrestrial,above ground,plant,Vascular plant,Cucumber,Cucumis sativus,10 plants (6 dycots 4 monocots),"OECD 208, OECD 227, OCSPP 850.4100, OCSPP 850.4150, OCSPP 850.4130, OCSPP 850.4800",https://www.ncbi.nlm.nih.gov/genome/1639?genome_assembly_id=749658,NA,yes,yes,yes,yes,
64,saltwater,water,vertebrates,Fish,Shiner perch,Cymatogaster aggregata,no,"ASTM standard E729, OCSPP 850.1730",NA,NA,no,no,no,no,
65,terrestrial,above ground,plant,Vascular plant,Dog's-tail Grass),Cynosurus cristatus,10 plants (6 dycots 4 monocots),"OECD 208, OECD 227, OCSPP 850.4100, OCSPP 850.4150, OCSPP 850.4130",NA,NA,no,no,no,no,
66,terrestrial,above ground,plant,Vascular plant,Purple Nutsedge,Cyperus rotundus,10 plants (6 dycots 4 monocots),"OECD 208, OECD 227, OCSPP 850.4100, OCSPP 850.4150, OCSPP 850.4130",NA,NA,no,no,no,no,
67,freshwater,water,vertebrates,Fish,Sheepshead minnow,Cyprinodon variegatus,yes,"ASTM standard E729, EPA 1994 , OCSPP 850.1075, OCSPP 850.1400, OCSPP 850.1730, OECD 203, OECD 210, OECD 212, ",https://www.ncbi.nlm.nih.gov/genome/13078?genome_assembly_id=204581,NA,yes,yes,yes,no,
68,freshwater,water,vertebrates,Fish,Common carp,Cyprinus carpio,no,"OCSPP 850.1075, OCSPP 850.1730, OECD 203, OECD 212",https://www.ncbi.nlm.nih.gov/genome/10839?genome_assembly_id=1616732,NA,yes,yes,yes,yes,
69,freshwater,water,vertebrates,Fish,Zebrafish,Danio rerio,yes,"OCSPP 850.1075, OCSPP 850.1400, OCSPP 850.1730, OECD 203, OECD 210, , OECD 212, , OECD 215, OECD 229, OECD 234, OECD 236",https://www.ncbi.nlm.nih.gov/genome/50?genome_assembly_id=322293,NA,yes,yes,yes,yes,
70,freshwater,water,invertebrate,Daphnids,Water flea,Daphnia magna,yes," ASTM standard E729, EPA 1994, OCSPP 850.1010, 850.1300, OECD 202, OECD 211",https://www.ncbi.nlm.nih.gov/genome/?term=10953,NA,yes,yes,yes,yes,
71,freshwater,water,invertebrate,Daphnids,Water flea,Daphnia pulex,no,"ASTM standard E729,EPA 1994 standard test species, OCSPP 850.1010, 850.1300, OECD 202",https://www.ncbi.nlm.nih.gov/genome/?term=288,NA,yes,yes,yes,yes,
72,freshwater,water,invertebrate,Daphnids,Water flea,Daphnia pulicaria,no,ASTM standard E729,"https://www.ncbi.nlm.nih.gov/genome/?term=288, https://www.ncbi.nlm.nih.gov/genome/?term=10953","D. magna, D. pulex",yes,no,yes,yes,
73,terrestrial,above ground,plant,Vascular plant,Carrot,Daucus carota,10 plants (6 dycots 4 monocots),"OECD 208, OECD 227, OCSPP 850.4100, OCSPP 850.4150, OCSPP 850.4130, OCSPP 850.4800",https://www.ncbi.nlm.nih.gov/genome/860?genome_assembly_id=276486,NA,yes,yes,yes,no,
74,freshwater,water,algae,Green algae,NA,Desmodesmus subspicatus,no,"OECD 201, OCSPP 850.4500",https://www.ncbi.nlm.nih.gov/genome/83018?genome_assembly_id=771450,Desmodesmus armatus,no,no,yes,no,
75,freshwater,water,vertebrates,Fish,European seabass,Dicentrarchus labrax,no,OECD 203,https://www.ncbi.nlm.nih.gov/genome/2659?genome_assembly_id=1609534,NA,yes,yes,yes,yes,
76,terrestrial,above ground,plant,Vascular plant,Foxglove,Digitalis purpurea ,10 plants (6 dycots 4 monocots),"OECD 208, OECD 227, OCSPP 850.4100, OCSPP 850.4150, OCSPP 850.4130",NA,NA,no,no,no,no,
77,terrestrial,above ground,plant,Vascular plant,Crabgrass,Digitaria sanguinalis,10 plants (6 dycots 4 monocots),"OECD 208, OECD 227, OCSPP 850.4100, OCSPP 850.4150, OCSPP 850.4130",https://www.ncbi.nlm.nih.gov/genome/33397?genome_assembly_id=1489513,Digitaria exilis,no,no,yes,no,
78,freshwater,water,algae,Green algae,NA,Dunaliella tertiolecta,no,OCSPP 850.4500,https://www.ncbi.nlm.nih.gov/genome/?term=Dunaliella,Dunaliella primolecta +3,no,no,yes,no,
79,terrestrial,above ground,plant,Vascular plant,Barnyard Grass,Echinochloa crusgalli,10 plants (6 dycots 4 monocots),"OECD 208, OECD 227, OCSPP 850.4100, OCSPP 850.4150, OCSPP 850.4130",https://www.ncbi.nlm.nih.gov/genome/14528?genome_assembly_id=1722838,NA,yes,yes,yes,no,
80,terrestrial,soil,invertebrate,Annelide,Earthworm,Eisenia andrei,no,"OECD 222, OCSPP 850.3100",https://www.ncbi.nlm.nih.gov/genome/?term=12810,E. fetida,no,no,yes,no,
81,terrestrial,soil,invertebrate,Annelide,Manure worm,Eisenia fetida,yes,"EPA 1994 , OECD 207, OECD 220, OECD 222, OCSPP 850.3100",https://www.ncbi.nlm.nih.gov/genome/?term=12810,NA,yes,yes,yes,no,
82,terrestrial,above ground,plant,Vascular plant,Canada Wild Rye,Elymus canadensis,10 plants (6 dycots 4 monocots),"OECD 208, OECD 227, OCSPP 850.4100, OCSPP 850.4150, OCSPP 850.4130",NA,NA,no,no,no,no,
83,terrestrial,soil,invertebrate,Annelide,Potworms,Enchytraeus albidus,no,OECD 220,https://www.ncbi.nlm.nih.gov/genome/18200?genome_assembly_id=1673589,Enchytraeus crypticus,no,no,yes,no,
84,terrestrial,soil,invertebrate,Annelide,Grindal worm,Enchytraeus buchholzi,no,OECD 220,https://www.ncbi.nlm.nih.gov/genome/18200?genome_assembly_id=1673589,Enchytraeus crypticus,no,no,yes,no,
85,terrestrial,soil,invertebrate,Annelide,NA,Enchytraeus bulbosus,no,OECD 220,https://www.ncbi.nlm.nih.gov/genome/18200?genome_assembly_id=1673589,Enchytraeus crypticus,no,no,yes,no,
86,terrestrial,soil,invertebrate,Annelide,NA,Enchytraeus crypticus,no,OECD 220,https://www.ncbi.nlm.nih.gov/genome/18200?genome_assembly_id=1673589,Enchytraeus crypticus,no,yes,yes,no,
87,terrestrial,soil,invertebrate,Annelide,NA,Enchytraeus luxuriosus,no,OECD 220,https://www.ncbi.nlm.nih.gov/genome/18200?genome_assembly_id=1673589,Enchytraeus crypticus,no,no,yes,no,
88,saltwater,sediment,invertebrate,Amphipods,NA,Eohaustorius estuarius,no,OCSPP 850.1740,NA,NA,no,no,no,no,
89,freshwater,water,invertebrate,Mayflies,Spiny crawler mayfly,Ephemerella,no,ASTM standard E729,NA,NA,no,no,no,no,
90,freshwater,water,vertebrates,Fish,Northern pike,Esox lucius,no,OCSPP 850.1400,https://www.ncbi.nlm.nih.gov/genome/22932?genome_assembly_id=809705,NA,yes,yes,yes,yes,
91,terrestrial,above ground,plant,Vascular plant,Buckwheat,Fagopyrum esculentum,10 plants (6 dycots 4 monocots),"OECD 208, OECD 227, OCSPP 850.4100, OCSPP 850.4150, OCSPP 850.4130, OCSPP 850.4800",https://www.ncbi.nlm.nih.gov/genome/10760?genome_assembly_id=1532269,NA,yes,yes,yes,no,
92,saltwater,water,invertebrate,Shrimp,Brown shrimp,Farfantepenaeus aztecus,no,OCSPP 850.1045,https://www.ncbi.nlm.nih.gov/genome/12027?genome_assembly_id=1483790,Penaeus monodon + 4 ,no,no,yes,no,synonym to Penaeus aztecus (WoRMS World Reister of Marine Species)
93,saltwater,water,invertebrate,Shrimp,Pink shrimp,Farfantepenaeus duorarum,no,OCSPP 850.1045,https://www.ncbi.nlm.nih.gov/genome/12027?genome_assembly_id=1483790,Penaeus monodon + 4 ,no,no,yes,no,synonym to Penaeus duorarum (WoRMS)
94,terrestrial,above ground,plant,Vascular plant,Fescue,Festuca pratensis,10 plants (6 dycots 4 monocots),"OECD 208, OECD 227, OCSPP 850.4100, OCSPP 850.4150, OCSPP 850.4130",https://www.ncbi.nlm.nih.gov/genome/484?genome_assembly_id=1665746,Lolium perenne grass complex,no,no,yes,no,
95,terrestrial,soil,invertebrate,Collembola,NA,Folsomia candida,yes,"SANCO/10329/2002, Gandolfi et al. 2000, OECD 232",https://www.ncbi.nlm.nih.gov/genome/?term=13185,NA,yes,yes,yes,no,
96,terrestrial,soil,invertebrate,Collembola,NA,Folsomia fimetaria,no,OECD 232,https://www.ncbi.nlm.nih.gov/genome/?term=13185,Folsomia candida,no,no,yes,no,
97,saltwater,water,vertebrates,Fish,Mummichog,Fundulus heteroclitus,no,ASTM standard E729,https://www.ncbi.nlm.nih.gov/genome/743?genome_assembly_id=972025,NA,yes,yes,yes,yes,
98,saltwater,water,vertebrates,Fish,Longnose killifish,Fundulus similis,no,ASTM standard E729,https://www.ncbi.nlm.nih.gov/genome/743?genome_assembly_id=972025,Fundulus heteroclitus,no,no,yes,no,
99,saltwater,water,vertebrates,Fish,Cod,Gadus morhua,no,OECD 212,https://www.ncbi.nlm.nih.gov/genome/2661?genome_assembly_id=638047,NA,yes,yes,yes,no,
100,terrestrial,above ground,plant,Vascular plant,Cleavers,Galium aparine,10 plants (6 dycots 4 monocots),"OECD 208, OECD 227, OCSPP 850.4100, OCSPP 850.4150, OCSPP 850.4130",https://www.ncbi.nlm.nih.gov/genome/88591?genome_assembly_id=862142,Galium porrigens var. tenue,no,no,yes,no,
101,terrestrial,above ground,plant,Vascular plant,Hedge Bedstraw,Galium mollugo,10 plants (6 dycots 4 monocots),"OECD 208, OECD 227, OCSPP 850.4100, OCSPP 850.4150, OCSPP 850.4130",https://www.ncbi.nlm.nih.gov/genome/88591?genome_assembly_id=862142,Galium porrigens var. tenue,no,no,yes,no,
102,freshwater,water,invertebrate,Amphipods,NA,Gammarus fasciatus,no,"ASTM standard E729, OCSPP 850.1020",https://www.ncbi.nlm.nih.gov/genome/?term=69171,Gammarus roeselii,no,no,yes,no,
103,freshwater,water,invertebrate,Amphipods,NA,Gammarus pseudolimnaeus,no,"ASTM standard E729, OCSPP 850.1020",https://www.ncbi.nlm.nih.gov/genome/?term=69171,Gammarus roeselii,no,no,yes,no,
104,freshwater,water,vertebrates,Fish,Three-spined stickleback,Gasterosteus aculeatus,no,"ASTM standard E729, OCSPP 850.1730, OECD 203, OECD 234",https://www.ncbi.nlm.nih.gov/genome/146?genome_assembly_id=1558621,NA,yes,yes,yes,yes,
105,terrestrial,above ground,plant,Vascular plant,Yellow Avens,Geum urbanum,10 plants (6 dycots 4 monocots),"OECD 208, OECD 227, OCSPP 850.4100, OCSPP 850.4150, OCSPP 850.4130",https://www.ncbi.nlm.nih.gov/genome/66889?genome_assembly_id=361420,NA,yes,yes,yes,yes,
106,freshwater,water,invertebrate,Planaria,Brown planaria,Girardia tigrina ,no,ASTM standard E729,https://www.ncbi.nlm.nih.gov/genome/51765?genome_assembly_id=301296,,no,yes,yes,no,Dugesia tigrina in guidance document; synonym of Girardia tigrina
107,freshwater,water,plant,Aquatic plant,Eurasian watermilfoil,Glyceria maxima,yes,OECD 239,NA,NA,no,no,no,no,
108,terrestrial,above ground,plant,Vascular plant,Soybean,Glycine max ,10 plants (6 dycots 4 monocots),"OECD 208, OECD 227, OCSPP 850.4100, OCSPP 850.4150, OCSPP 850.4130, OCSPP 850.4800",https://www.ncbi.nlm.nih.gov/genome/5?genome_assembly_id=1605618,NA,yes,yes,yes,yes,(G. max subsp. soja)
109,terrestrial,above ground,plant,Vascular plant,cotton,Gossypium,10 plants (6 dycots 4 monocots),OCSPP 850.4800,https://www.ncbi.nlm.nih.gov/genome/12369?genome_assembly_id=1610508,Gossypium tomentosum +20,no,no,yes,no,
110,terrestrial,above ground,plant,Vascular plant,Sunflower,Helianthus annuus,10 plants (6 dycots 4 monocots),"OECD 208, OECD 227, OCSPP 850.4100, OCSPP 850.4150, OCSPP 850.4130, OCSPP 850.4800",https://www.ncbi.nlm.nih.gov/genome/351?genome_assembly_id=983004,NA,yes,yes,yes,yes,
111,saltwater,water,invertebrate,Crab,Shore crab,Hemigrapsus,no,ASTM standard E729,NA,NA,no,no,no,no,
112,freshwater,water,invertebrate,Mayflies,NA,Hexagenia bilineata,no,ASTM standard E729,NA,NA,no,no,no,no,
113,freshwater,water,invertebrate,Mayflies,Giant mayfly,Hexagenia limbata,no,ASTM standard E729,NA,NA,no,no,no,no,
114,terrestrial,above ground,plant,Vascular plant,Little barley,Hordeum pusillum,10 plants (6 dycots 4 monocots),"OECD 208, OECD 227, OCSPP 850.4100, OCSPP 850.4150, OCSPP 850.4130",https://www.ncbi.nlm.nih.gov/genome/9?genome_assembly_id=1587426,Hordeum vulgare +3,no,no,yes,no,
115,terrestrial,above ground,plant,Vascular plant,Barley,Hordeum vulgare,10 plants (6 dycots 4 monocots),"OECD 208, OECD 227, OCSPP 850.4100, OCSPP 850.4150, OCSPP 850.4130",https://www.ncbi.nlm.nih.gov/genome/9?genome_assembly_id=1587426,NA,yes,yes,yes,yes,
116,freshwater,sediment,invertebrate,Amphipods,Mexican waterflea,Hyalella azteca,no,"EPA 1994, OCSPP 850.1735",https://www.ncbi.nlm.nih.gov/genome/?term=16496,NA,yes,yes,yes,no,
117,terrestrial,above ground,plant,Vascular plant,Common St. John's Wort,Hypericum perforatum,10 plants (6 dycots 4 monocots),"OECD 208, OECD 227, OCSPP 850.4100, OCSPP 850.4150, OCSPP 850.4130",https://www.ncbi.nlm.nih.gov/genome/12898?genome_assembly_id=895612,NA,yes,yes,yes,no,
118,terrestrial,soil,invertebrate,Mite,Soil mite,Hypoaspis aculeifer,yes,"SANCO/10329/2002, OECD 226",NA,NA,no,no,no,no,
119,freshwater,water,vertebrates,Fish,Channel catfish,Ictalurus punctatus,no,"ASTM standard E729, OCSPP 850.1075, OCSPP 850.1400",https://www.ncbi.nlm.nih.gov/genome/198?genome_assembly_id=1813468,NA,yes,yes,yes,yes,
120,terrestrial,above ground,plant,Vascular plant,Elecampane,Inula helenium,10 plants (6 dycots 4 monocots),"OECD 208, OECD 227, OCSPP 850.4100, OCSPP 850.4150, OCSPP 850.4130",NA,NA,no,no,no,no,
121,terrestrial,above ground,plant,Vascular plant,Purple Morning Glory,Ipomoea hederacea ,10 plants (6 dycots 4 monocots),"OECD 208, OECD 227, OCSPP 850.4100, OCSPP 850.4150, OCSPP 850.4130",https://www.ncbi.nlm.nih.gov/genome/22485,Ipomoea purpurea +4,no,no,yes,no,
122,terrestrial,soil,invertebrate,Collembola,NA,Isotoma anglicana,no,OECD 232,NA,NA,no,no,no,no,
123,terrestrial,soil,invertebrate,Collembola,NA,Isotoma viridis,no,OECD 232,NA,NA,no,no,no,no,
124,terrestrial,above ground,plant,Vascular plant,Lettuce,Lactuca sativa,10 plants (6 dycots 4 monocots),"EPA 1994, , OECD 208, OECD 227, OCSPP 850.4100, OCSPP 850.4150, OCSPP 850.4130, OCSPP 850.4800",https://www.ncbi.nlm.nih.gov/genome/352?genome_assembly_id=1843253,NA,yes,yes,yes,yes,
125,saltwater,water,vertebrates,Fish,Pinfish,Lagodon rhomboides,no,ASTM standard E729,NA,NA,no,no,no,no,
126,saltwater,water,vertebrates,Fish,Spot,Leiostomus xanthurus,no,"ASTM standard E729, OCSPP 850.1730",NA,NA,no,no,no,no,
127,freshwater,water,plant,Aquatic plant,Lesser duckweed,Lemna aequinoctialis,no,OECD 221,https://www.ncbi.nlm.nih.gov/genome/116038?genome_assembly_id=1889745,Lemna minuta,no,no,yes,no,
128,freshwater,water,plant,Aquatic plant,Swollen duckweed,Lemna gibba,yes,"OECD 221, OCSPP 850.4400",https://www.ncbi.nlm.nih.gov/genome/116038?genome_assembly_id=1889745,Lemna minuta,no,no,yes,no,
129,freshwater,water,plant,Aquatic plant,Common duckweed,Lemna minor,no,"OECD 221, OCSPP 850.4400",https://www.ncbi.nlm.nih.gov/genome/116038?genome_assembly_id=1889745,Lemna minuta,no,no,yes,no,
130,freshwater,water,plant,Aquatic plant,Lesser duckweed,Lemna paucicostata,no,OECD 221,https://www.ncbi.nlm.nih.gov/genome/116038?genome_assembly_id=1889745,Lemna minuta,no,no,yes,no,synonym of L. aequinoctalis (CoL)
131,freshwater,water,plant,Aquatic plant,Minute duckweed,Lemna perpusilla,no,OECD 221,https://www.ncbi.nlm.nih.gov/genome/116038?genome_assembly_id=1889745,Lemna minuta,no,no,yes,no,
132,freshwater,water,plant,Aquatic plant,Ivy duckweed,Lemna trisulca,no,OECD 221,https://www.ncbi.nlm.nih.gov/genome/116038?genome_assembly_id=1889745,Lemna minuta,no,no,yes,no,
133,freshwater,water,plant,Aquatic plant,Valdivia duckweed,Lemna valdiviana,no,OECD 221,https://www.ncbi.nlm.nih.gov/genome/116038?genome_assembly_id=1889745,Lemna minuta,no,no,yes,no,
134,terrestrial,above ground,plant,Vascular plant,Big Hawkbit,Leontodon hispidus,10 plants (6 dycots 4 monocots),"OECD 208, OECD 227, OCSPP 850.4100, OCSPP 850.4150, OCSPP 850.4130",NA,NA,no,no,no,no,
135,terrestrial,above ground,plant,Vascular plant,Motherwort,Leonurus cardiaca,10 plants (6 dycots 4 monocots),"OECD 208, OECD 227, OCSPP 850.4100, OCSPP 850.4150, OCSPP 850.4130",NA,NA,no,no,no,no,
136,terrestrial,above ground,plant,Vascular plant,Garden cress,Lepidium sativum,10 plants (6 dycots 4 monocots),"OECD 208, OECD 227, OCSPP 850.4100, OCSPP 850.4150, OCSPP 850.4130",https://www.ncbi.nlm.nih.gov/genome/89382?genome_assembly_id=1845702,NA,yes,yes,yes,no,
137,freshwater,water,vertebrates,Fish,Green sunfish,Lepomis cyanellus,no,ASTM standard E729,NA,NA,no,no,no,no,
138,freshwater,water,vertebrates,Fish,Bluegill sunfish,Lepomis macrochirus,no,"ASTM standard E729, OCSPP 850.1075, OCSPP 850.1400, OCSPP 850.1730, OECD 212, OECD 203",NA,NA,no,no,no,no,
139,saltwater,sediment,invertebrate,Amphipods,NA,Leptocheirus plumulosus,no,OCSPP 850.1740,NA,NA,no,no,no,no,
140,freshwater,water,vertebrates,Fish,Staghorn sculpin,Leptocottus armatus,no,OCSPP 850.1730,NA,NA,no,no,no,no,
141,terrestrial,above ground,plant,Vascular plant,Flax,Linum usitatissimum,10 plants (6 dycots 4 monocots),"OECD 208, OECD 227, OCSPP 850.4100, OCSPP 850.4150, OCSPP 850.4130",https://www.ncbi.nlm.nih.gov/genome/6953?genome_assembly_id=1732349,NA,yes,yes,yes,no,
142,saltwater,water,invertebrate,Shrimp,White shrimp,Litopenaeus setiferus,no,OCSPP 850.1045,https://www.ncbi.nlm.nih.gov/genome/12027?genome_assembly_id=1483790,Penaeus monodon + 4 ,no,no,yes,no,synonym to Penaeus setiferus (WorMS)
143,terrestrial,above ground,plant,Vascular plant,Perennial ryegrass,Lolium perenne,10 plants (6 dycots 4 monocots),"OECD 208, OECD 227, OCSPP 850.4100, OCSPP 850.4150, OCSPP 850.4130, OCSPP 850.4800",https://www.ncbi.nlm.nih.gov/genome/484?genome_assembly_id=1665746,NA,yes,yes,yes,no,
144,terrestrial,above ground,plant,Vascular plant,Birdsfoot trefoil,Lotus corniculatus,10 plants (6 dycots 4 monocots),"OECD 208, OECD 227, OCSPP 850.4100, OCSPP 850.4150, OCSPP 850.4130",https://www.ncbi.nlm.nih.gov/genome/89?genome_assembly_id=248309,Lotus japonicus,no,no,yes,no,
145,freshwater,sediment,invertebrate,Annelide,Blackworm,Lumbriculus variegatus,no,OECD 225,NA,NA,no,no,no,no,
146,terrestrial,above ground,plant,Vascular plant,Ragged Robin,Lychnis flos-cuculi,10 plants (6 dycots 4 monocots),"OECD 208, OECD 227, OCSPP 850.4100, OCSPP 850.4150, OCSPP 850.4130",NA,NA,no,no,no,no,
147,freshwater,water,invertebrate,Snail,Great pond snail,Lymnaea stagnalis,no,OECD 243,https://www.ncbi.nlm.nih.gov/genome/?term=14639,NA,yes,yes,yes,no,
148,terrestrial,above ground,vertebrates,Bird,Budgerigar,Melopsittacus undulatus,no,OECD 223,https://www.ncbi.nlm.nih.gov/genome/10765?genome_assembly_id=862071,NA,yes,yes,yes,yes,
149,freshwater,water,vertebrates,Fish,Inland silverside,Menidia beryllina,no,"EPA 1994 , OCSPP 850.1075, OCSPP 850.1400, OCSPP 850.1730",https://www.ncbi.nlm.nih.gov/genome/92279?genome_assembly_id=912130,NA,yes,yes,yes,no,
150,freshwater,water,vertebrates,Fish,Atlantic silverside,Menidia menidia,no,"EPA 1994, OCSPP 850.1075, OCSPP 850.1400",https://www.ncbi.nlm.nih.gov/genome/8668?genome_assembly_id=1618100,NA,yes,yes,yes,no,
151,saltwater,water,vertebrates,Fish,Tidewater silverside ,Menidia peninsulae,yes,"EPA 1994, OCSPP 850.1075, OCSPP 850.1400, OECD 210, OECD 212","https://www.ncbi.nlm.nih.gov/genome/8668?genome_assembly_id=1618100, https://www.ncbi.nlm.nih.gov/genome/92279?genome_assembly_id=912130","M. menidia, M. beryllina",no,no,yes,no,
152,terrestrial,above ground,plant,Vascular plant,Spearmint,Mentha spicata,10 plants (6 dycots 4 monocots),"OECD 208, OECD 227, OCSPP 850.4100, OCSPP 850.4150, OCSPP 850.4130",https://www.ncbi.nlm.nih.gov/genome/44852?genome_assembly_id=1763816,Mentha longifolia,no,no,yes,no,
153,saltwater,water,invertebrate,Mussle,Hard clams,Mercenaria mercenaria,no,OCSPP 850.1055,https://www.ncbi.nlm.nih.gov/genome/?term=12755,NA,yes,yes,yes,yes,
154,terrestrial,soil,invertebrate,Collembola,NA,Mesaphorura macrochaeta,no,OECD 232,https://www.ncbi.nlm.nih.gov/genome/86796?genome_assembly_id=756867,Mesaphorura yosii,no,no,yes,no,
155,freshwater,sediment,procaryote,Activated sludge,NA,Microbial community,yes,"OECD 209, OECD 224,  OCSPP 850.3300",NA,NA,no,no,no,no,
156,terrestrial,soil,procaryote,Microbial community,NA,Microbial community,yes,"OECD 216, OECD 217, OCSPP 850.3200",NA,NA,no,no,no,no,
157,freshwater,water,algae,Green algae,Blue-green algae,Microcystis aeruginosa,no,OCSPP 850.4500,https://www.ncbi.nlm.nih.gov/genome/820?genome_assembly_id=266067,NA,yes,yes,yes,no,
,terrestrial,above ground,vertebrates,Mammals,House mouse,Mus musculus,no,OECD 420,https://www.ncbi.nlm.nih.gov/genome/52?genome_assembly_id=992563,NA,yes,yes,yes,yes,
138,terrestrial,above ground,invertebrate,Fly,Face fly,Musca autumnalis,no,OECD 228,https://www.ncbi.nlm.nih.gov/genome/14461?genome_assembly_id=44793,Musca domestica,no,no,yes,no,
48,freshwater,water,plant,Aquatic plant,Parrot's feather,Myriophyllum aquaticum,yes,OECD 239,NA,NA,no,no,no,no,
49,freshwater,water,plant,Aquatic plant,Eurasian watermilfoil,Myriophyllum spicatum,no,"OECD 238, OECD 239",NA,NA,no,no,no,no,
95,saltwater,water,invertebrate,Mussle,Blue mussels,Mytilus edulis,no,OCSPP 850.1055,https://www.ncbi.nlm.nih.gov/genome/11889?genome_assembly_id=1694288,NA,yes,yes,yes,no,
12,freshwater,water,algae,Green algae,NA,Navicula pelliculosa,yes,"OECD 201, OCSPP 850.4500",https://www.ncbi.nlm.nih.gov/genome/105056?genome_assembly_id=1680991,Fistulifera pelliculosa,no,no,yes,no,
195,terrestrial,above ground,plant,Vascular plant,Catnip,Nepeta cataria,10 plants (6 dycots 4 monocots),"OECD 208, OECD 227, OCSPP 850.4100, OCSPP 850.4150, OCSPP 850.4130",NA,NA,no,no,no,no,
124,saltwater,water,vertebrates,Fish,Tidepool sculpin,Oligocottus maculosus,no,ASTM standard E729,NA,NA,no,no,no,no,
69,freshwater,water,vertebrates,Fish,Coho salmon,Oncorhynchus kisutch,no,"ASTM standard E729, OCSPP 850.1075, OCSPP 850.1400",https://www.ncbi.nlm.nih.gov/genome/13127?genome_assembly_id=748043,NA,yes,yes,yes,yes,
70,freshwater,water,vertebrates,Fish,Rainbow trout,Oncorhynchus mykiss,yes,"ASTM standard E729, EPA 1994, OCSPP 850.1400, OCSPP 850.1075, OCSPP 850.1730, OECD 203, OECD 210, OECD 212, OECD 215",https://www.ncbi.nlm.nih.gov/genome/196?genome_assembly_id=995304,NA,yes,yes,yes,yes,
71,freshwater,water,vertebrates,Fish,Chinook salmon,Oncorhynchus tschawytscha,no,OCSPP 850.1400,https://www.ncbi.nlm.nih.gov/genome/13133?genome_assembly_id=1614715,NA,yes,yes,yes,no,
253,terrestrial,soil,invertebrate,Collembola,NA,Orchesella cincta,no,OECD 232,https://www.ncbi.nlm.nih.gov/genome/13208?genome_assembly_id=281657,NA,yes,yes,yes,no,
135,terrestrial,above ground,invertebrate,Bug,Minute pirate bug,Orius laevigatus,no,"SANCO/10329/2002, Gandolfi et al. 2000",https://www.ncbi.nlm.nih.gov/genome/16868?genome_assembly_id=1632795,NA,yes,yes,yes,yes,
254,terrestrial,soil,invertebrate,Collembola,NA,Orthonychiurus folsomi,no,OECD 232,NA,NA,no,no,no,no,
196,terrestrial,above ground,plant,Vascular plant,Rice,Oryza sativa,10 plants (6 dycots 4 monocots),"OECD 208, OECD 227, OCSPP 850.4100, OCSPP 850.4150, OCSPP 850.4130",https://www.ncbi.nlm.nih.gov/genome/10?genome_assembly_id=256442,NA,yes,yes,yes,yes,
72,freshwater,water,vertebrates,Fish,Japanese Medaka,Oryzias latipes,yes,"OCSPP 850.1075, OCSPP 850.1400, OCSPP 850.1730, OECD 203, OECD 210, OECD 212, OECD 215, OECD 229, OECD 234, OECD 240",https://www.ncbi.nlm.nih.gov/genome/542?genome_assembly_id=324784,NA,yes,yes,yes,yes,
132,terrestrial,above ground,invertebrate,Bee,Mason bee,Osmia bicornis,no,"OECD in validation, Franke et al. 2021 ET&C",https://www.ncbi.nlm.nih.gov/genome/76072?genome_assembly_id=1620216,NA,yes,yes,yes,yes,
89,saltwater,water,invertebrate,Crab,Shore crab,Pachygrapsus,no,ASTM standard E729,NA,NA,no,no,no,no,
21,freshwater,water,invertebrate,Crayfish,Signal Crayfish,Pacifastacus leniusculus,no,ASTM standard E729,NA,NA,no,no,no,no,
73,freshwater,water,vertebrates,Fish,Redsea bream,Pagrus major,no,OECD 203,https://www.ncbi.nlm.nih.gov/genome/7176?genome_assembly_id=361120,NA,yes,yes,yes,no,
106,saltwater,water,invertebrate,Shrimp,Grass shrimp,Palaemonetes intermedius,no,ASTM standard E729,https://www.ncbi.nlm.nih.gov/genome/24064?genome_assembly_id=435328,Palaemon carinicauda,no,no,yes,no,
107,saltwater,water,invertebrate,Shrimp,Grass shrimp,Palaemonetes pugio,no,ASTM standard E729,https://www.ncbi.nlm.nih.gov/genome/24064?genome_assembly_id=435328,Palaemon carinicauda,no,no,yes,no,
108,saltwater,water,invertebrate,Shrimp,Grass shrimp,Palaemonetes vulgaris,no,ASTM standard E729,https://www.ncbi.nlm.nih.gov/genome/24064?genome_assembly_id=435328,Palaemon carinicauda,no,no,yes,no,
109,saltwater,water,invertebrate,Shrimp,Dock shrimp,Pandalus danae,no,ASTM standard E729,https://www.ncbi.nlm.nih.gov/genome/79982?genome_assembly_id=557972,Pandalus platyceros,no,no,yes,no,
110,saltwater,water,invertebrate,Shrimp,Ocean shrimp,Pandalus jordani,no,ASTM standard E729,https://www.ncbi.nlm.nih.gov/genome/79982?genome_assembly_id=557972,Pandalus platyceros,no,no,yes,no,
197,terrestrial,above ground,plant,Vascular plant,Poppy,Papaver rhoeas,10 plants (6 dycots 4 monocots),"OECD 208, OECD 227, OCSPP 850.4100, OCSPP 850.4150, OCSPP 850.4130",https://www.ncbi.nlm.nih.gov/genome/114092?genome_assembly_id=1854985,Papaver nudicaule +5,no,no,yes,no,
125,saltwater,water,vertebrates,Fish,Summer flounder,Paralichthys dentatus,no,ASTM standard E729,https://www.ncbi.nlm.nih.gov/genome/10840?genome_assembly_id=304008,Paralichthys olivaceus,no,no,yes,no,
126,saltwater,water,vertebrates,Fish,Southern flounder,Paralichthys lethostigma,no,ASTM standard E729,https://www.ncbi.nlm.nih.gov/genome/10840?genome_assembly_id=304008,Paralichthys olivaceus,no,no,yes,no,
142,terrestrial,above ground,invertebrate,Spider,NA,Pardosa agrestis,no,"SANCO/10329/2002, Gandolfi et al. 2000",https://www.ncbi.nlm.nih.gov/genome/?term=83627,Pardosa pseudoannulata,no,no,yes,no,
143,terrestrial,above ground,invertebrate,Spider,Spotted wolf spider,Pardosa amentata,no,"SANCO/10329/2002, Gandolfi et al. 2000",https://www.ncbi.nlm.nih.gov/genome/?term=83627,Pardosa pseudoannulata,no,no,yes,no,
144,terrestrial,above ground,invertebrate,Spider,Marsh wolf spider,Pardosa palustris,no,"SANCO/10329/2002, Gandolfi et al. 2000",https://www.ncbi.nlm.nih.gov/genome/?term=83627,Pardosa pseudoannulata,no,no,yes,no,
145,terrestrial,above ground,invertebrate,Spider,NA,Pardosa prativaga,no,"SANCO/10329/2002, Gandolfi et al. 2000",https://www.ncbi.nlm.nih.gov/genome/?term=83627,Pardosa pseudoannulata,no,no,yes,no,
136,terrestrial,soil,invertebrate,Collembola,NA,Paronychiurus,no,OECD 232,NA,NA,no,no,no,no,"Paronychiurus kimi in guidance document, but this species does not exist (CoL), changed to genus"
127,saltwater,water,vertebrates,Fish,English sole,Parophrys vetulus,no,"ASTM standard E729, OCSPP 850.1730",NA,NA,no,no,no,no,
237,terrestrial,above ground,vertebrates,Bird,House sparrow,Passer domesticus,no,OCSPP 850.2100,https://www.ncbi.nlm.nih.gov/genome/17653?genome_assembly_id=281679,NA,yes,yes,yes,no,
111,saltwater,water,invertebrate,Shrimp,Brown shrimp,Penaeus aztecus,no,ASTM standard E729,https://www.ncbi.nlm.nih.gov/genome/12027?genome_assembly_id=1483790,Penaeus monodon + 4 ,no,no,yes,no,
112,saltwater,water,invertebrate,Shrimp,Pink shrimp,Penaeus duorarum,no,ASTM standard E729,https://www.ncbi.nlm.nih.gov/genome/12027?genome_assembly_id=1483790,Penaeus monodon + 4 ,no,no,yes,no,
113,saltwater,water,invertebrate,Shrimp,Atlantic white shrimp,Penaeus setiferus,no,ASTM standard E729,https://www.ncbi.nlm.nih.gov/genome/12027?genome_assembly_id=1483790,Penaeus monodon + 4 ,no,no,yes,no,
13,freshwater,water,algae,Green algae,NA,Phaeodactylum tricornutum,no,OCSPP 850.4500,https://www.ncbi.nlm.nih.gov/genome/418?genome_assembly_id=29101,NA,yes,yes,yes,yes,
199,terrestrial,above ground,plant,Vascular plant,Dwarf bean,Phaseolus vulgaris,10 plants (6 dycots 4 monocots),"OECD 208, OECD 227, OCSPP 850.4100, OCSPP 850.4150, OCSPP 850.4130, OCSPP 850.4800",https://www.ncbi.nlm.nih.gov/genome/380?genome_assembly_id=48590,NA,yes,yes,yes,no,
238,terrestrial,above ground,vertebrates,Bird,Ring-necked pheasant,Phasianus colchicus,no,OECD 205,https://www.ncbi.nlm.nih.gov/genome/9853?genome_assembly_id=444200,NA,yes,yes,yes,no,
200,terrestrial,above ground,plant,Vascular plant,Timothy,Phleum pratense,10 plants (6 dycots 4 monocots),"OECD 208, OECD 227, OCSPP 850.4100, OCSPP 850.4150, OCSPP 850.4130",NA,NA,no,no,no,no,
35,freshwater,water,invertebrate,Snail,Tadpole snail,Physella acuta,no,ASTM standard E729,https://www.ncbi.nlm.nih.gov/genome/24022?genome_assembly_id=467803,Physella acuta,no,yes,yes,no,Physa heterostropha and Physa integra in guidance document; both are synonyms of Physella acuta (CoL)
74,freshwater,water,vertebrates,Fish,Fathead minnow,Pimephales promelas,no,"ASTM standard E729, EPA 1994 , OCSPP 850.1075, OCSPP 850.1400, OCSPP 850.1730, OECD 203, OECD 210, OECD 212, OECD 229",https://www.ncbi.nlm.nih.gov/genome/13167?genome_assembly_id=1545583,NA,yes,yes,yes,yes,
201,terrestrial,above ground,plant,Vascular plant,Pea,Pisum sativum,10 plants (6 dycots 4 monocots),"OECD 208, OECD 227, OCSPP 850.4100, OCSPP 850.4150, OCSPP 850.4130, OCSPP 850.4800",https://www.ncbi.nlm.nih.gov/genome/12050?genome_assembly_id=1896626,NA,yes,yes,yes,no,
128,saltwater,water,vertebrates,Fish,Starry flounder,Platichthys stellatus,no,ASTM standard E729,https://www.ncbi.nlm.nih.gov/genome/17706?genome_assembly_id=1550068,NA,yes,yes,yes,no,
75,freshwater,water,vertebrates,Fish,Guppy,Poecilia reticulata,no,"OECD 203, OCSPP 850.1075, OCSPP 850.1730",https://www.ncbi.nlm.nih.gov/genome/23338?genome_assembly_id=59145,NA,yes,yes,yes,no,
134,terrestrial,above ground,invertebrate,Beetle,Ground beetles,Poecilus cupreus,yes,"SANCO/10329/2002, Gandolfi et al. 2000",NA,NA,no,no,no,no,
239,terrestrial,above ground,vertebrates,Bird,Zebra finch,Poephila guttata,no,OECD 223,https://www.ncbi.nlm.nih.gov/genome/367?genome_assembly_id=1613864,,no,no,yes,no,synonym Taeniopygia guttata
202,terrestrial,above ground,plant,Vascular plant,Black Bindweed,Polygonum convolvulus,10 plants (6 dycots 4 monocots),"OECD 208, OECD 227, OCSPP 850.4100, OCSPP 850.4150, OCSPP 850.4130",https://www.ncbi.nlm.nih.gov/genome/107629?genome_assembly_id=1816897,Polygonum aviculare,no,no,yes,no,
203,terrestrial,above ground,plant,Vascular plant,Pale Persicaria,Polygonum lapathifolium,10 plants (6 dycots 4 monocots),"OECD 208, OECD 227, OCSPP 850.4100, OCSPP 850.4150, OCSPP 850.4130",https://www.ncbi.nlm.nih.gov/genome/107629?genome_assembly_id=1816897,Polygonum aviculare,no,no,yes,no,
204,terrestrial,above ground,plant,Vascular plant,Pennsylvania Smartweed,Polygonum pennsylvanicum,10 plants (6 dycots 4 monocots),"OECD 208, OECD 227, OCSPP 850.4100, OCSPP 850.4150, OCSPP 850.4130",https://www.ncbi.nlm.nih.gov/genome/107629?genome_assembly_id=1816897,Polygonum aviculare,no,no,yes,no,
205,terrestrial,above ground,plant,Vascular plant,Smartweed,Polygonum periscaria,10 plants (6 dycots 4 monocots),"OECD 208, OECD 227, OCSPP 850.4100, OCSPP 850.4150, OCSPP 850.4130",https://www.ncbi.nlm.nih.gov/genome/107629?genome_assembly_id=1816897,Polygonum aviculare,no,no,yes,no,
37,freshwater,water,invertebrate,Snail,New Zealand mud snail,Potamopyrgus antipodarum,no,OECD 242,NA,NA,no,no,no,no,
22,freshwater,water,invertebrate,Crayfish,NA,Procambarus,no,ASTM standard E729,https://www.ncbi.nlm.nih.gov/genome/66438?genome_assembly_id=1711832,Procambarus virginalis +1,no,no,yes,no,
137,terrestrial,soil,invertebrate,Collembola,NA,Proisotoma minuta,no,OECD 232,NA,NA,no,no,no,no,
7,freshwater,sediment,procaryote,Protozoan community,NA,Protozoan community,no,OECD 244,NA,NA,no,no,no,no,
206,terrestrial,above ground,plant,Vascular plant,Self-heal,Prunella vulgaris,10 plants (6 dycots 4 monocots),"OECD 208, OECD 227, OCSPP 850.4100, OCSPP 850.4150, OCSPP 850.4130",https://www.ncbi.nlm.nih.gov/genome/92786,Prunella himalayana +1,no,no,yes,no,
38,freshwater,water,invertebrate,Stoneflies,Giant stonefly,Pteronarcys,no,ASTM standard E729,NA,NA,no,no,no,no,
51,freshwater,water,vertebrates,Amphibia,Brown frogs,Rana,no,ASTM standard E729,NA,Rana temporaria,yes,no,no,yes,genus paraphyletic
207,terrestrial,above ground,plant,Vascular plant,Common Buttercup,Ranunculus acris,10 plants (6 dycots 4 monocots),"OECD 208, OECD 227, OCSPP 850.4100, OCSPP 850.4150, OCSPP 850.4130",NA,NA,no,no,no,no,
208,terrestrial,above ground,plant,Vascular plant,Radish,Raphanus sativus,10 plants (6 dycots 4 monocots),"OECD 208, OECD 227, OCSPP 850.4100, OCSPP 850.4150, OCSPP 850.4130",https://www.ncbi.nlm.nih.gov/genome/12929?genome_assembly_id=249276,NA,yes,yes,yes,no,
14,freshwater,water,algae,Green algae,NA,Raphidocelis subcapitata,yes,"OECD 201, OCSPP 850.4500",https://www.ncbi.nlm.nih.gov/genome/69894?genome_assembly_id=380823,"Raphidocelis subcapitata, synonym?",yes,no,yes,no,"Pseudokirchneriella subcapitata in guidance document, synonym of Raphidocelis subcapitata"
15,freshwater,water,algae,Green algae,NA,Raphidocelis subcapitata,no,"EPA 1994 , ASTM standard E729, OCSPP 850.4500",https://www.ncbi.nlm.nih.gov/genome/69894?genome_assembly_id=380823,"Raphidocelis subcapitata, synonym",yes,no,yes,no,"Selenastrum capricornutum in guidance document, synsonym of Raphidocelis subcapitata"
240,terrestrial,above ground,vertebrates,Mammals,Brown rat,Rattus norvegicus,yes,e g. OECD 407,https://www.ncbi.nlm.nih.gov/genome/73?genome_assembly_id=1535500,NA,yes,yes,yes,yes,
82,saltwater,sediment,invertebrate,Amphipods,NA,Rhepoxynius abronius,no,OCSPP 850.1740,NA,NA,no,no,no,no,
259,terrestrial,soil,procaryote,Bacteria,Nitrogen fixing bacteria,Rhizobium,no,OCSPP 850.4600,https://www.ncbi.nlm.nih.gov/genome/744?genome_assembly_id=454507,Rhizobium leguminosarum 100+,no,no,yes,no,
209,terrestrial,above ground,plant,Vascular plant,Black-eyed Susan,Rudbeckia hirta,10 plants (6 dycots 4 monocots),"OECD 208, OECD 227, OCSPP 850.4100, OCSPP 850.4150, OCSPP 850.4130",NA,NA,no,no,no,no,
210,terrestrial,above ground,plant,Vascular plant,Curly Dock,Rumex crispus,10 plants (6 dycots 4 monocots),"OECD 208, OECD 227, OCSPP 850.4100, OCSPP 850.4150, OCSPP 850.4130",NA,NA,no,no,no,no,
129,saltwater,water,vertebrates,Fish,Atlantic salmon,Salmo salar,no,OCSPP 850.1075,https://www.ncbi.nlm.nih.gov/genome/369?genome_assembly_id=1608452,NA,yes,yes,yes,yes,
76,freshwater,water,vertebrates,Fish,Brown trout,Salmo trutta,no,OCSPP 850.1400,https://www.ncbi.nlm.nih.gov/genome/?term=salmo+trutta,NA,no,yes,yes,no,
77,freshwater,water,vertebrates,Fish,Brook trout,Salvelinus fontinalis,no,"EPA 1994, ASTM standard E729, OCSPP 850.1075, OCSPP 850.1400",https://www.ncbi.nlm.nih.gov/genome/12815?genome_assembly_id=1536375,Salvelinus namaycush,yes,no,yes,yes,
78,freshwater,water,vertebrates,Fish,Lake trout,Salvelinus namaycush,no,OCSPP 850.1400,https://www.ncbi.nlm.nih.gov/genome/12815?genome_assembly_id=1536375,NA,yes,yes,yes,yes,
256,terrestrial,soil,invertebrate,Fly,Golden dung fly,Scathophaga stercoraria,no,OECD 228,NA,NA,no,no,no,no,
211,terrestrial,above ground,plant,Vascular plant,Rye,Secale cereale,10 plants (6 dycots 4 monocots),"OECD 208, OECD 227, OCSPP 850.4100, OCSPP 850.4150, OCSPP 850.4130",https://www.ncbi.nlm.nih.gov/genome/399?genome_assembly_id=1520284,NA,yes,yes,yes,no,
212,terrestrial,above ground,plant,Vascular plant,Sicklepod,Senna obtusifolia,10 plants (6 dycots 4 monocots),"OECD 208, OECD 227, OCSPP 850.4100, OCSPP 850.4150, OCSPP 850.4130",https://www.ncbi.nlm.nih.gov/genome/44961?genome_assembly_id=1470505,Senna tora,no,no,yes,no,
213,terrestrial,above ground,plant,Vascular plant,Hemp,Sesbania exaltata,10 plants (6 dycots 4 monocots),"OECD 208, OECD 227, OCSPP 850.4100, OCSPP 850.4150, OCSPP 850.4130",NA,NA,no,no,no,no,
214,terrestrial,above ground,plant,Vascular plant,Prickly Sida,Sida spinosa ,10 plants (6 dycots 4 monocots),"OECD 208, OECD 227, OCSPP 850.4100, OCSPP 850.4150, OCSPP 850.4130",NA,NA,no,no,no,no,
215,terrestrial,above ground,plant,Vascular plant,White Mustard,Sinapis alba,10 plants (6 dycots 4 monocots),"OECD 208, OECD 227, OCSPP 850.4100, OCSPP 850.4150, OCSPP 850.4130",https://www.ncbi.nlm.nih.gov/genome/87543?genome_assembly_id=1473946,NA,yes,yes,yes,no,
255,terrestrial,soil,invertebrate,Collembola,NA,Sinella curviseta,no,OECD 232,https://www.ncbi.nlm.nih.gov/genome/75323?genome_assembly_id=966637,NA,yes,yes,yes,yes,
83,saltwater,water,algae,Diatom,NA,Skeletonema costatum,no,OCSPP 850.4500,https://www.ncbi.nlm.nih.gov/genome/103338?genome_assembly_id=1639882,NA,yes,yes,yes,no,
216,terrestrial,above ground,plant,Vascular plant,Tomato,Solanum lycopersicon,10 plants (6 dycots 4 monocots),"OECD 208, OECD 227, OCSPP 850.4100, OCSPP 850.4150, OCSPP 850.4130, OCSPP 850.4800",https://www.ncbi.nlm.nih.gov/genome/7?genome_assembly_id=1878360,NA,yes,yes,yes,no,
217,terrestrial,above ground,plant,Vascular plant,Canada Goldenrod,Solidago canadensis,10 plants (6 dycots 4 monocots),"OECD 208, OECD 227, OCSPP 850.4100, OCSPP 850.4150, OCSPP 850.4130",NA,NA,no,no,no,no,
218,terrestrial,above ground,plant,Vascular plant,Grain sorghum,Sorghum bicolor,10 plants (6 dycots 4 monocots),"OECD 208, OECD 227, OCSPP 850.4100, OCSPP 850.4150, OCSPP 850.4130",https://www.ncbi.nlm.nih.gov/genome/108?genome_assembly_id=321335,NA,yes,yes,yes,yes,
42,freshwater,water,plant,Aquatic plant,Greater duckweed,Spirodela polyrhiza,no,OECD 221,https://www.ncbi.nlm.nih.gov/genome/116038?genome_assembly_id=1889745,Lemna minuta,no,no,yes,no,Lemna major in guidance documents; is synonym to Spirodela polyrhiza (CoL)
219,terrestrial,above ground,plant,Vascular plant,Hedge-nettle,Stachys officinalis,10 plants (6 dycots 4 monocots),"OECD 208, OECD 227, OCSPP 850.4100, OCSPP 850.4150, OCSPP 850.4130",NA,NA,no,no,no,no,
16,freshwater,water,algae,Green algae,Blue-green algae,Synechococcus leopoliensis,no,OECD 201,https://www.ncbi.nlm.nih.gov/genome/430?genome_assembly_id=1828015,Synechococcus elongatus +32,no,no,yes,no,
17,freshwater,water,algae,Green algae,NA,Thalassiosira pseudonana,no,OCSPP 850.4500,https://www.ncbi.nlm.nih.gov/genome/54?genome_assembly_id=22717,NA,yes,yes,yes,yes,
220,terrestrial,above ground,plant,Vascular plant,Japanese Hedge-parsley,Torilis japonica,10 plants (6 dycots 4 monocots),"OECD 208, OECD 227, OCSPP 850.4100, OCSPP 850.4150, OCSPP 850.4130",NA,NA,no,no,no,no,
147,terrestrial,above ground,invertebrate,Wasp,NA,Trichogramma cacoeciae,yes,"SANCO/10329/2002, Gandolfi et al. 2000",https://www.ncbi.nlm.nih.gov/genome/14106?genome_assembly_id=359121,Trichogramma pretiosum +2,no,no,yes,no,
221,terrestrial,above ground,plant,Vascular plant,Red Clover,Trifolium pratense,10 plants (6 dycots 4 monocots),"OECD 208, OECD 227, OCSPP 850.4100, OCSPP 850.4150, OCSPP 850.4130",https://www.ncbi.nlm.nih.gov/genome/11112?genome_assembly_id=1720079,NA,yes,yes,yes,yes,
222,terrestrial,above ground,plant,Vascular plant,Fenugreek,Trigonella foenum-graecum,10 plants (6 dycots 4 monocots),"OECD 208, OECD 227, OCSPP 850.4100, OCSPP 850.4150, OCSPP 850.4130",NA,NA,no,no,no,no,
223,terrestrial,above ground,plant,Vascular plant,Wheat,Triticum aestivum,10 plants (6 dycots 4 monocots),"OECD 208, OECD 227, OCSPP 850.4100, OCSPP 850.4150, OCSPP 850.4130",https://www.ncbi.nlm.nih.gov/genome/11?genome_assembly_id=1613926,NA,yes,yes,yes,no,
258,terrestrial,above ground,invertebrate,Mite,Predatory mite,Typhlodromus pyri,yes,"SANCO/10329/2002, Gandolfi et al. 2000",NA,NA,no,no,no,no,
91,saltwater,water,invertebrate,Crab,Fiddler crab,Uca,no,ASTM standard E729,NA,NA,no,no,no,no,
224,terrestrial,above ground,plant,Vascular plant,Speedwell,Veronica persica,10 plants (6 dycots 4 monocots),"OECD 208, OECD 227, OCSPP 850.4100, OCSPP 850.4150, OCSPP 850.4130",NA,NA,no,no,no,no,
225,terrestrial,above ground,plant,Vascular plant,Vetch,Vicia sativa,10 plants (6 dycots 4 monocots),"OECD 208, OECD 227, OCSPP 850.4100, OCSPP 850.4150, OCSPP 850.4130",https://www.ncbi.nlm.nih.gov/genome/17232?genome_assembly_id=1780399,NA,yes,yes,yes,yes,
198,terrestrial,above ground,plant,Vascular plant,Mung bean,Vigna,10 plants (6 dycots 4 monocots),"OECD 208, OECD 227, OCSPP 850.4100, OCSPP 850.4150, OCSPP 850.4130",https://www.ncbi.nlm.nih.gov/genome/664?genome_assembly_id=255718,"Vigna radiata, Vigna mungo",yes,no,yes,no,Phaseolus aureus in guidance documant; ambiguous synonym of either Vigna radiata or Vigna mungo (CoL)
226,terrestrial,above ground,plant,Vascular plant,Common Cocklebur,Xanthium pensylvanicum,10 plants (6 dycots 4 monocots),"OECD 208, OECD 227, OCSPP 850.4100, OCSPP 850.4150, OCSPP 850.4130",NA,NA,no,no,no,no,
227,terrestrial,above ground,plant,Vascular plant,Spiny Cocklebur,Xanthium spinosum,10 plants (6 dycots 4 monocots),"OECD 208, OECD 227, OCSPP 850.4100, OCSPP 850.4150, OCSPP 850.4130",NA,NA,no,no,no,no,
228,terrestrial,above ground,plant,Vascular plant,Italian Cocklebur,Xanthium strumarium,10 plants (6 dycots 4 monocots),"OECD 208, OECD 227, OCSPP 850.4100, OCSPP 850.4150, OCSPP 850.4130",NA,NA,no,no,no,no,
52,freshwater,water,vertebrates,Amphibia,African clawed frog,Xenopus laevis,yes,"OECD 231, OECD 241, OECD 248",https://www.ncbi.nlm.nih.gov/genome/81?genome_assembly_id=1597951,NA,yes,yes,yes,yes,
229,terrestrial,above ground,plant,Vascular plant,Corn,Zea mays,10 plants (6 dycots 4 monocots),"OECD 208, OECD 227, OCSPP 850.4100, OCSPP 850.4150, OCSPP 850.4130, OCSPP 850.4800",https://www.ncbi.nlm.nih.gov/genome/12?genome_assembly_id=838253,NA,yes,yes,yes,yes,